{"IcoMoonType":"selection","icons":[{"icon":{"paths":["M0 1024h512v-1024h-512v1024zM320 128h128v128h-128v-128zM320 384h128v128h-128v-128zM320 640h128v128h-128v-128zM64 128h128v128h-128v-128zM64 384h128v128h-128v-128zM64 640h128v128h-128v-128zM576 320h448v64h-448zM576 1024h128v-256h192v256h128v-576h-448z"],"tags":["office","buildings","work"],"defaultCode":59651,"grid":16,"attrs":[]},"attrs":[],"properties":{"ligatures":"office, buildings","name":"office","order":2,"id":4,"prevSize":32,"code":59651},"setIdx":0,"setId":1,"iconIdx":3},{"icon":{"paths":["M384 640l128-64 448-448-64-64-448 448-64 128zM289.3 867.098c-31.632-66.728-65.666-100.762-132.396-132.394l99.096-272.792 128-77.912 384-384h-192l-384 384-192 640 640-192 384-384v-192l-384 384-77.912 128z"],"tags":["pencil","write","edit"],"defaultCode":59654,"grid":16,"attrs":[]},"attrs":[],"properties":{"ligatures":"pencil2, write2","name":"pencil2","order":3,"id":7,"prevSize":32,"code":59654},"setIdx":0,"setId":1,"iconIdx":6},{"icon":{"paths":["M960 0h64v736c0 88.366-100.29 160-224 160s-224-71.634-224-160c0-88.368 100.29-160 224-160 62.684 0 119.342 18.4 160 48.040v-368.040l-512 113.778v494.222c0 88.366-100.288 160-224 160s-224-71.634-224-160c0-88.368 100.288-160 224-160 62.684 0 119.342 18.4 160 48.040v-624.040l576-128z"],"tags":["music","song","audio","sound","note"],"defaultCode":59665,"grid":16,"attrs":[]},"attrs":[],"properties":{"ligatures":"music, song","name":"music","order":6,"id":18,"prevSize":32,"code":59665},"setIdx":0,"setId":1,"iconIdx":17},{"icon":{"paths":["M981.188 160.108c-143.632-20.65-302.332-32.108-469.186-32.108-166.86 0-325.556 11.458-469.194 32.108-27.53 107.726-42.808 226.75-42.808 351.892 0 125.14 15.278 244.166 42.808 351.89 143.638 20.652 302.336 32.11 469.194 32.11 166.854 0 325.552-11.458 469.186-32.11 27.532-107.724 42.812-226.75 42.812-351.89 0-125.142-15.28-244.166-42.812-351.892zM384.002 704v-384l320 192-320 192z"],"tags":["play","video","movie"],"defaultCode":59666,"grid":16,"attrs":[]},"attrs":[],"properties":{"ligatures":"play, video","name":"play","order":5,"id":19,"prevSize":32,"code":59666},"setIdx":0,"setId":1,"iconIdx":18},{"icon":{"paths":["M0 128v768h1024v-768h-1024zM192 832h-128v-128h128v128zM192 576h-128v-128h128v128zM192 320h-128v-128h128v128zM768 832h-512v-640h512v640zM960 832h-128v-128h128v128zM960 576h-128v-128h128v128zM960 320h-128v-128h128v128zM384 320v384l256-192z"],"tags":["film","video","movie","tape","play"],"defaultCode":59667,"grid":16,"attrs":[]},"attrs":[],"properties":{"ligatures":"film, video2","name":"film","order":4,"id":20,"prevSize":32,"code":59667},"setIdx":0,"setId":1,"iconIdx":19}],"height":1024,"metadata":{"name":"icomoon"},"preferences":{"showGlyphs":true,"showQuickUse":true,"showQuickUse2":true,"showSVGs":true,"fontPref":{"prefix":"icon-","metadata":{"fontFamily":"icomoon"},"metrics":{"emSize":1024,"baseline":6.25,"whitespace":50},"embed":false},"imagePref":{"prefix":"icon-","png":true,"useClassSelector":true,"color":0,"bgColor":16777215,"classSelector":".icon"},"historySize":50,"showCodes":true,"gridSize":16}}